基準水準点,L000000000001,基１,35.12042489,138.51031072,,静岡県静岡市清水区
基準水準点,L000000000002,基２,35.66014253,138.73407053,,山梨県甲州市
基準水準点,L000000000003,基３,36.30914392,138.81521814,,群馬県安中市
基準水準点,L000000000004,基４甲,36.56684583,139.88351197,,栃木県宇都宮市
基準水準点,L000000000005,基５,35.21071358,140.37457164,,千葉県いすみ市
基準水準点,L000000000009,基９,35.60098889,136.09985833,,福井県敦賀市
基準水準点,L00000000000A,甲,35.67743272,139.74782833,2023-06-03,東京都千代田区
基準水準点,L00000000000B,乙,35.67732078,139.74799406,2023-06-03,東京都千代田区
基準水準点,L00000000000C,丙,35.67725992,139.74775781,2023-06-03,東京都千代田区
基準水準点,L00000000000D,丁,35.67728536,139.74849939,2023-06-03,東京都千代田区
基準水準点,L00000000000E,戊,35.67671944,139.74714086,2023-06-03,東京都千代田区
基準水準点,L000000000010,基１０,35.48003142,135.70902731,,福井県小浜市
基準水準点,L000000000011,基１１,35.52399311,135.27175250,,京都府宮津市
基準水準点,L000000000012,基１２,35.39339647,134.74951317,,兵庫県養父市
基準水準点,L000000000013,基１３,35.18916667,135.32361111,,京都府船井郡京丹波町
基準水準点,L000000000014,基１４,35.30938817,136.31028231,,滋賀県米原市
基準水準点,L000000000015,基１５,36.22439375,136.27829017,,福井県あわら市
基準水準点,L000000000016,基１６,36.66052486,136.73804067,,石川県河北郡津幡町
基準水準点,L000000000017,基１７,37.40553742,136.90046550,,石川県輪島市
基準水準点,L000000000018,基１８,35.55396753,136.91631731,,岐阜県美濃市
基準水準点,L000000000019,基１９,34.85283083,136.37275258,,三重県亀山市
基準水準点,L000000000020,基２０,34.99465844,135.85368689,,滋賀県大津市
基準水準点,L000000000021,基２１,34.85352728,135.54594658,,大阪府茨木市
基準水準点,L000000000022,基２２,34.64764425,135.06618894,,兵庫県神戸市垂水区
基準水準点,L000000000023,基２３,34.84020933,134.62257564,,兵庫県姫路市
基準水準点,L000000000024,基２４,35.63438167,139.27085606,,東京都八王子市
基準水準点,L000000000025,基２５,35.44575869,139.57809975,,神奈川県横浜市保土ケ谷区
基準水準点,L000000000026,基２６,35.16049019,139.61555133,,神奈川県三浦市
基準水準点,L000000000027,基２７,36.51014189,140.59547806,,茨城県日立市
基準水準点,L000000000028,基２８,35.45669178,133.83861336,,鳥取県倉吉市
基準水準点,L000000000029,基２９,35.42613869,133.25139639,,島根県安来市
基準水準点,L000000000031,基３１,34.67476836,133.84336794,,岡山県岡山市北区
基準水準点,L000000000032,基３２,35.05639222,134.00977242,,岡山県津山市
基準水準点,L000000000033,基３３,34.19918531,135.18918603,,和歌山県和歌山市
基準水準点,L000000000034,基３４,34.67662608,138.94235344,,静岡県下田市
基準水準点,L000000000035,基３５,33.56062639,133.49397228,,高知県高知市
基準水準点,L000000000036,基３６,35.91797197,139.63014606,,埼玉県さいたま市大宮区
基準水準点,L000000000037,基３７,32.42624544,131.66725614,,宮崎県日向市
基準水準点,L000000000038,基３８,34.80182997,137.58850486,,静岡県浜松市浜名区
基準水準点,L000000000039,基３９,35.05937339,136.97928678,,愛知県豊明市
基準水準点,L000000000040,基４０,34.47830783,136.57222244,,三重県多気郡多気町
基準水準点,L000000000041,基４１,33.47534675,135.77305686,,和歌山県東牟婁郡串本町
基準水準点,L000000000042,基４２,34.34414750,134.02378653,,香川県高松市
基準水準点,L000000000043,基４３,33.84500000,132.77222222,,愛媛県松山市
基準水準点,L000000000044,基４４,33.21838881,132.56435761,,愛媛県宇和島市
基準水準点,L000000000045,基４５,33.87413475,134.61129194,,徳島県阿南市
基準水準点,L000000000046,基４６,33.25289981,134.18138400,,高知県室戸市
基準水準点,L000000000047,基４７,33.21540550,131.75614778,,大分県大分市
基準水準点,L000000000048,基４８,31.85166667,131.13388889,,宮崎県都城市
基準水準点,L000000000049,基４９,31.65958919,130.49488192,,鹿児島県鹿児島市
基準水準点,L000000000050,基５０,26.19135583,127.72941581,,沖縄県島尻郡南風原町
基準水準点,L000000000051,基５１,32.84226428,130.76461794,,熊本県熊本市北区
基準水準点,L000000000052,基５２,33.13698453,130.11635556,,佐賀県杵島郡白石町
基準水準点,L000000000053,基５３,33.58316856,130.43268861,,福岡県福岡市博多区
基準水準点,L000000000055,基５５,34.40373333,133.08380233,,広島県三原市
基準水準点,L000000000056,基５６,34.36161897,135.70903536,,奈良県五條市
基準水準点,L000000000057,基５７,35.51842478,137.83165553,,長野県飯田市
基準水準点,L000000000058,基５８,36.24284806,137.95594850,,長野県松本市
基準水準点,L000000000059,基５９,36.99912547,137.87268192,,新潟県糸魚川市
基準水準点,L000000000060,基６０,37.15015494,139.73424669,,福島県南会津郡南会津町
基準水準点,L000000000061,基６１,37.11089225,140.98869122,,福島県いわき市
基準水準点,L000000000062,基６２,37.68434839,139.89668589,,福島県喜多方市
基準水準点,L000000000063,基６３,38.02035092,139.38783744,,新潟県新発田市
基準水準点,L000000000064,基６４,37.96225436,140.87849867,,宮城県亘理郡山元町
基準水準点,L000000000065,基６５,38.97816814,140.36149356,,山形県最上郡真室川町
基準水準点,L000000000066,基６６,39.67732658,140.08226217,,秋田県秋田市
基準水準点,L000000000067,基６７,39.21156894,141.87452133,,岩手県釜石市
基準水準点,L000000000068,基６８,39.55220500,141.17007769,,岩手県紫波郡紫波町
基準水準点,L000000000069,基６９,40.66401078,139.94366197,,青森県西津軽郡深浦町
基準水準点,L000000000070,基７０,41.44762275,141.11558481,,青森県むつ市
基準水準点,L000000000071,基７１,41.59896283,140.35953953,,北海道上磯郡知内町
基準水準点,L000000000072,基７２,42.70055556,140.06194444,,北海道島牧郡島牧村
基準水準点,L000000000073,基７３,42.36603372,140.98393794,,北海道室蘭市
基準水準点,L000000000074,基７４,44.30597497,141.65346611,,北海道苫前郡苫前町
基準水準点,L000000000075,基７５,45.52140064,141.93668611,,北海道稚内市
基準水準点,L000000000076,基７６,43.84737519,142.77109583,,北海道上川郡上川町
基準水準点,L000000000077,基７７,42.98083333,142.39722222,,北海道勇払郡占冠村
基準水準点,L000000000078,基７８,44.01565586,144.17175178,,北海道網走市
基準水準点,L000000000079,基７９,42.00861111,143.15833333,,北海道幌泉郡えりも町
基準水準点,L000000000080,基８０,42.97971722,144.38691153,,北海道釧路市
基準水準点,L000000000081,基８１,43.23208056,145.25925000,,北海道根室市
基準水準点,L000000000082,基８２,43.08416667,141.26805556,,北海道札幌市西区
基準水準点,L000000000083,基８３,26.63052992,128.16514717,,沖縄県国頭郡東村
基準水準点,L000000000I-G,隠岐原点,36.20381436,133.33378414,,島根県隠岐郡隠岐の島町
日本の空港,地方管理1,利尻空港,45.24395518860522, 141.18379665020444
日本の空港,地方管理2,礼文空港,45.45233049479895, 141.0414261937871
日本の空港,地方管理3,奥尻空港,42.07258161923905, 139.43557869462606
日本の空港,地方管理4,中標津空港,43.57299523424821, 144.9560941976465
日本の空港,地方管理5,女満別空港,43.881413181253606, 144.1589205565834,2020-02-24
日本の空港,共用8,徳島空港,34.13450224600559, 134.6180065922421,2014-09-22
...
特別史跡,7,五稜郭跡,41.79688685000000,140.75682682000000
特別史跡,108,三内丸山遺跡,40.81103046000000,140.69849074000000,2021-08-31
特別史跡,165,中尊寺境内,39.00186419000000,141.10007091000000,2019-08-16
特別史跡,117,無量光院跡,38.99293002000000,141.11588820000000,2019-08-16?
特別史跡,116,"毛越寺境内 附 鎮守社跡",38.99053116000000,141.11545707000000
特別史跡,181,"多賀城跡 附 寺跡",38.30605267000000,140.98841561000000
特別史跡,268,大湯環状列石,40.27133698000000,140.80431892000000,2021-09-01
特別史跡,470,大谷磨崖仏,36.59628590000000,139.82087223000000
特別史跡,467,"日光杉並木街道 附 並木寄進碑",36.69076609000000,139.71674674000000
特別史跡,521,金井沢碑,36.28566066000000,139.01616962000000
特別史跡,519,多胡碑,36.26468249000000,138.99647476000000
特別史跡,520,山上碑及び古墳,36.27711111000000,139.02777778000000
特別史跡,603,埼玉古墳群,36.12308616000000,139.47787255000000,2021-07-10
特別史跡,425,旧弘道館,36.37580762000000,140.47708639000000
特別史跡,427,常陸国分寺跡,36.19635980000000,140.27370119000000
特別史跡,428,常陸国分尼寺跡,36.20161471000000,140.26774600000000
特別史跡,00003988,加曽利貝塚,35.62376088430922, 140.16439152689304
特別史跡,723,江戸城跡,35.68825153000000,139.75444970000000,xxxx-xx-xx
特別史跡,712,旧浜離宮庭園,35.65989173000000,139.76335008000000
特別史跡,683,小石川後楽園,35.70565502000000,139.74908212000000,2024-10-01
特別史跡,00003445,一乗谷朝倉氏遺跡,36.00139924000000,136.29698422000000,xxxx-xx-xx
特別史跡,1178,尖石石器時代遺跡,36.01365695000000,138.23315369000000
特別史跡,1316,新居関跡,34.69479510000000,137.56136592000000
特別史跡,1323,遠江国分寺跡,34.71948542000000,137.85137974000000
特別史跡,1353,登呂遺跡,34.95603090000000,138.40896558000000
特別史跡,1422,名古屋城跡,35.18471410000000,136.89940010000000,xxxx-xx-xx
特別史跡,1491,"本居宣長旧宅 同 宅跡",34.57524459000000,136.52583291000000
特別史跡,1562,安土城跡,35.15638216000000,136.13934872000000
特別史跡,1591,彦根城跡,35.27613422000000,136.25205662000000,xxxx-xx-xx
特別史跡,1792,大坂城跡,34.68639252000000,135.52594257000000,xxxx-xx-xx
特別史跡,1784,百済寺跡,34.81561670000000,135.66097694000000
特別史跡,1865,姫路城跡,34.83707140000000,134.69332269000000,xxxx-xx-xx
特別史跡,1984,石舞台古墳,34.46686287000000,135.82612794000000
特別史跡,3293,キトラ古墳,34.45108990000000,135.80516226000000
特別史跡,1959,巣山古墳,34.55656307000000,135.74108619000000
特別史跡,2020,高松塚古墳,34.46226848000000,135.80619936000000
特別史跡,1989,藤原宮跡,34.50222329000000,135.80732074000000
特別史跡,1942,平城宮跡,34.69204763000000,135.79718105000000,2023-05-05
特別史跡,2032,平城京左京三条二坊宮跡庭園,34.68389686000000,135.80234295000000
特別史跡,1934,本薬師寺跡,34.49266238000000,135.79998521000000
特別史跡,1944,文殊院西古墳,34.50375700000000,135.84257500000000
特別史跡,1931,山田寺跡,34.48404559000000,135.83012669000000
特別史跡,2070,岩橋千塚古墳群,34.22535458000000,135.22650145000000
特別史跡,1658,慈照寺（銀閣寺）庭園,35.02665809000000,135.79825819000000,xxxx-xx-xx
特別史跡,1660,醍醐寺三宝院庭園,34.95190472000000,135.81954431000000
特別史跡,1657,鹿苑寺（金閣寺）庭園,35.03965336000000,135.72860908000000,xxxx-xx-xx
特別史跡,2118,斎尾廃寺跡,35.48171188000000,133.71144980000000
特別史跡,2242,"旧閑谷学校 附 椿山・石門・津田永忠宅跡及び黄葉亭",34.79637762000000,134.21987320000000
特別史跡,2315,厳島,34.27116775000000,132.30612349000000,2017-03-14
特別史跡,2324,廉塾ならびに菅茶山旧宅,34.54465901000000,133.38456683000000
特別史跡,2509,讃岐国分寺跡,34.30290586000000,133.94416106000000
特別史跡,2631,王塚古墳,33.58873401000000,130.66359466000000
特別史跡,2622,大野城跡,33.53636129000000,130.51891205000000
特別史跡,2599,大宰府跡,33.51459478000000,130.51517438000000
特別史跡,2598,水城跡,33.51642457000000,130.49035829000000
特別史跡,2711,名護屋城跡並陣跡,33.52706610000000,129.87596326000000
特別史跡,2732,吉野ヶ里遺跡,33.32541401000000,130.38439420000000,2024-02-08
特別史跡,2782,金田城跡,34.29677303000000,129.27270691000000
特別史跡,2791,原の辻遺跡,33.75878417000000,129.75186114000000
特別史跡,2778,福井洞窟,33.29205288000000,129.69681089000000
特別史跡,2809,熊本城跡,32.80599060000000,130.70632284000000
特別史跡,2860,"臼杵磨崖仏 附日吉塔、嘉応二年在銘五輪塔 承安二年在銘五輪塔",33.09091787000000,131.76543169000000
特別史跡,2918,西都原古墳群,32.11150158000000,131.38518717000000
特別史跡,3085,基肄（椽）城跡,33.44347146000000,130.51252935000000
日本の夜景100選,1,箱館山,41.75916012106574, 140.70418529516755,2015-09-15
日本の夜景100選,2,藻岩山,43.022051782949944, 141.32244063458677
日本の夜景100選,3,JRタワー展望室Ｔ38,43.06815327165834, 141.3524558447191,xxxx-xx-xx
日本の夜景100選,4,天狗山,43.17197858492215, 140.97210359678317
日本の夜景100選,5,測量山,42.32169728947195, 140.95860632976476,
日本の夜景100選,6,釜臥山,41.27876700965326, 141.11975634884143
日本の夜景100選,7,岩山公園,39.700871776180286, 141.18355468712278
日本の夜景100選,8,SS30,38.25630800209654, 140.8783145144736
日本の夜景100選,9,安波山,38.91384743767392, 141.5691559038139
日本の夜景100選,10,セリオン,39.752673355251616, 140.0610531422881,(2021-08-30)
日本の夜景100選,11,舞鶴公園,38.355471607875124, 140.37656836166582
日本の夜景100選,12,眺海の森,38.85873654856723, 139.97996960670253,
日本の夜景100選,13,信夫山,37.76914070384104, 140.46603924094012
日本の夜景100選,14,筑波山・表筑波スカイライン,36.173215523093525, 140.16188693219362,2023-09-24
日本の夜景100選,15,太平山,36.36315288680153, 139.69447091203483
日本の夜景100選,16,織姫公園,36.344477752806526, 139.44584003759687,
日本の夜景100選,17,群馬県庁展望ホール,36.39059459181681, 139.0605146414454
日本の夜景100選,18,大パノラマ夜景展望台,36.512707979539584, 139.18369161315368
日本の夜景100選,19,美の山公園,36.057177088369535, 139.11305324199242
日本の夜景100選,20,きみさらずタワー,35.37966693253547, 139.9377046631416
日本の夜景100選,21,飯岡刑部岬,35.693434763900534, 140.73932140549513
日本の夜景100選,22,アイ・リンクタウン展望室,35.72919611414163, 139.90609462129893
日本の夜景100選,23,東京タワー,35.6585825746857, 139.74545207317854,xxxx-xx-xx
日本の夜景100選,24,六本木ヒルズ,35.660425830109496, 139.72936063572956,2024-07-18
日本の夜景100選,25,都庁,35.68945755467383, 139.6916729474888,xxxx-xx-xx
日本の夜景100選,26,サンシャイン60,35.729381725673164, 139.71817765708008,xxxx-xx-xx
日本の夜景100選,27,世界貿易センタービル,35.655194771636154, 139.7563326786475
日本の夜景100選,28,横浜ランドマークタワー,35.45493646603446, 139.63140735709644
日本の夜景100選,29,横浜港大さん橋国際客船ターミナル,35.451150325387744, 139.64734425680328
日本の夜景100選,30,湘南平,35.31979849881054, 139.3085659646374,2022-12-24
日本の夜景100選,31,菜の花台,35.41002557728392, 139.2087244022763
日本の夜景100選,32,笛吹川フルーツ公園,35.70209014223386, 138.66490812468246,2021-09-25
日本の夜景100選,33,新倉山浅間公園,35.50138576523298, 138.80163087549212,(2023-08-18)
日本の夜景100選,34,八代ふるさと公園,35.602661910066125, 138.64547981326686,2021-06-27
日本の夜景100選,35,朱鷺メッセ展望室,37.92532456494243, 139.05948972463503,2025-02-25
日本の夜景100選,36,弥彦山,37.710111021952756, 138.81001620819845,2022-05-06
日本の夜景100選,37,富山市役所,36.6957868065953, 137.21364087738652,
日本の夜景100選,38,二上山,36.79455037166367, 137.02636671110494
日本の夜景100選,39,卯辰山,36.57087893638774, 136.6780403593704
日本の夜景100選,40,石川県庁,36.5945155476585, 136.6257936677353
日本の夜景100選,41,獅子吼高原,36.44656913058609, 136.64814891529034
日本の夜景100選,42,村国山,35.90101903879218, 136.181713819474
日本の夜景100選,43,姨捨SA,36.498130464573855, 138.09737744275742
日本の夜景100選,44,城山公園,36.24568480660411, 137.95435212525558
日本の夜景100選,45,立石公園,36.05332600914057, 138.1227662196933
日本の夜景100選,46,金華山,35.43242810667493, 136.78068148801077,xxxx-xx-xx
日本の夜景100選,47,池田山,35.44107189989789, 136.51689775572535
日本の夜景100選,48,伊豆スカイライン,35.00977083098863, 139.04331394237002,(2021-05-15)
日本の夜景100選,49,熱海城,35.086382552369244, 139.07864348461516
日本の夜景100選,50,富士川SA,35.16179677593057, 138.6172961772095
日本の夜景100選,51,東山スカイタワー,35.156766946751894, 136.97880234090454
日本の夜景100選,52,蔵王山展望台,34.68480087821868, 137.26196481445945,(2022-04-30)
日本の夜景100選,53,垂坂公園・羽津山緑地,35.00052132254271, 136.62270928658472
日本の夜景100選,54,	比叡山ドライブウェイ,35.065878252180255, 135.83208636100176,(xxxx-xx-xx)
日本の夜景100選,55,将軍塚（東山山頂公園）,35.0018372499291, 135.78682616919005
日本の夜景100選,56,比叡山ドライブウェイ,35.05279220144968, 135.83141646594996,(xxxx-xx-xx)
日本の夜景100選,57,万灯呂山展望台,34.8135097057153, 135.8231357566653
日本の夜景100選,58,あべのハルカス ハルカス300,34.64580303863721, 135.51348074524483
日本の夜景100選,59,梅田スカイビル空中庭園,34.70525516923876, 135.49016131389968,
日本の夜景100選,60,コスモタワー 大阪府咲洲庁舎展望台,34.63806567403882, 135.41461808474327
日本の夜景100選,61,信貴生駒スカイライン,34.659286820658316, 135.67136332852016
日本の夜景100選,62,紀ノ川SA,34.27470961549829, 135.24842639244872
日本の夜景100選,63,鷲ヶ峰コスモスパーク,34.092840560988186, 135.23407765115775
日本の夜景100選,64,鷲羽山スカイライン,34.472465872695075, 133.78887637397392
日本の夜景100選,65,遙照山総合公園,34.57125456628654, 133.61804669427707
日本の夜景100選,66,黄金山,34.36655634408221, 132.49042086802956,2025-03-04
日本の夜景100選,67,灰ヶ峰,34.269935503854676, 132.59343185186412
日本の夜景100選,68,千光寺展望台,34.41070602257255, 133.1974830368297
日本の夜景100選,69,火の山,33.97267775971737, 130.95918584198924
日本の夜景100選,70,竜王山公園,33.956548796137895, 131.1678220408546
日本の夜景100選,71,眉山,34.067106300395444, 134.53752126717507,2014-09-23
日本の夜景100選,72,屋島 獅子の霊厳,34.35844581333413, 134.09853878756638,2022-08-20
日本の夜景100選,73,天使のすむ丘 サンアンジェリーナ展望台,34.31996562548108, 133.83102927982856
日本の夜景100選,74,松山総合公園,33.84449232281537, 132.7410436453447
日本の夜景100選,75,具定展望台,33.95795069164443, 133.52511039638736
日本の夜景100選,76,五台山公園,33.54673651466059, 133.5741474634675
日本の夜景100選,77,皿倉山,33.846730187673316, 130.79679983096912
日本の夜景100選,78,福岡タワー,33.593295270495716, 130.3514888368633
日本の夜景100選,79,油山片江展望台,33.53059226228993, 130.36684581073533
日本の夜景100選,80,米の山展望広場,33.605688561611906, 130.54033723894358
日本の夜景100選,81,道の駅吉野ヶ里,33.38023544533349, 130.39727939074623
日本の夜景100選,82,稲佐山,32.752616653989136, 129.84959410540296,2023-10-04
日本の夜景100選,83,弓張岳展望台,33.17934491020664, 129.70081984912875
日本の夜景100選,84,花岡山,32.79652092792606, 130.6859440206291
日本の夜景100選,85,金峰山,32.813781801903374, 130.63871271956904
日本の夜景100選,86,十文字原展望台,33.32975760592789, 131.46026122712664
日本の夜景100選,87,愛宕山公園,32.56209024311046, 131.66967365121425
日本の夜景100選,87,愛宕山公園,32.56209024311046, 131.66967365121425
日本の夜景100選,88,金御岳公園,31.66411317044032, 131.0801381677629
日本の夜景100選,89,城山展望台,31.59624248706469, 130.5500444971472,xxxx-xx-xx
日本の夜景100選,90,城山公園,31.74121727919329, 130.78107684624368
日本の夜景100選,91,浦添大公園,26.249694970651145, 127.7290039343352
日本百名橋,1,豊平橋,43.0555555,141.3644444,,北海道札幌市豊平区
日本百名橋,2,旭橋,43.7783333,142.36,,北海道旭川市
日本百名橋,3,幣舞橋,42.9811111,144.3855555,,北海道釧路市
日本百名橋,4,湊橋,40.5236111,141.5227777,,青森県八戸市
日本百名橋,5,上の橋,39.7052777,141.1563888,,岩手県盛岡市
日本百名橋,6,大橋,38.2580555,140.86,2022-09-30,宮城県仙台市青葉区
日本百名橋,7,蛇の崎橋,39.3177777,140.5652777,,秋田県横手市
日本百名橋,8,臥龍橋,38.4044444,140.2330555,,山形県寒河江市
日本百名橋,9,信夫橋,37.7444444,140.4633333,,福島県福島市
日本百名橋,10,十綱橋,37.8305555,140.4552777,,福島県福島市
日本百名橋,11,水府橋,36.3772222,140.4813888,,茨城県水戸市
日本百名橋,12,日光 神橋,36.7533333,139.6041666,2024-08-29,栃木県日光市
日本百名橋,13,大渡橋,36.4066666,139.05,,群馬県前橋市
日本百名橋,14,碓氷第三橋梁（めがね橋）,36.3580555,138.6983333,,群馬県安中市
日本百名橋,15,秩父橋,36.0180555,139.0861111,,埼玉県秩父市
日本百名橋,16,水郷大橋,35.9083333,140.4908333,,千葉県香取市
日本百名橋,17,四谷見付橋,35.6858333,139.7305555,xxxx-xx-xx,東京都新宿区
日本百名橋,18,氷川大橋,35.8075,139.0963888,2021-11-13,東京都奥多摩町
日本百名橋,19,千住大橋,35.73940446996005, 139.7975266253993,xxxx-xx-xx,東京都足立区・東京都荒川区
日本百名橋,20,両国橋,35.6941666,139.7888888,xxxx-xx-xx,東京都墨田区
日本百名橋,21,常盤橋,35.6852777,139.7708333,xxxx-xx-xx,東京都中央区
日本百名橋,22,日本橋,35.6838888,139.7744444,xxxx-xx-xx,東京都中央区
日本百名橋,23,永代橋,35.6763888,139.7875,,東京都中央区
日本百名橋,24,二重橋,35.68,139.7547222,xxxx-xx-xx,東京都千代田区
日本百名橋,25,八幡橋（弾正橋）,35.6719444,139.8005555,,東京都江東区
日本百名橋,26,横浜ベイブリッジ,35.4547222,139.6741666,2022-11-06,神奈川県横浜市中区
日本百名橋,27,六郷橋,35.5363888,139.7083333,2021-01-30,神奈川県川崎市多摩区
日本百名橋,28,馬入橋,35.3319444,139.3669444,2022-12-24,神奈川県平塚市
日本百名橋,29,万代橋,37.9197222,139.0530555,2025-02-26,新潟県新潟市中央区
日本百名橋,30,直江津橋,37.1744444,138.2486111,,新潟県上越市
日本百名橋,31,愛本橋,36.8602777,137.5538888,,富山県黒部市
日本百名橋,32,越中 舟橋,36.6944444,137.2075,,富山県富山市
日本百名橋,33,犀川大橋,36.5586111,136.6502777,,石川県金沢市
日本百名橋,34,九十九橋,36.0630555,136.2113888,,福井県福井市
日本百名橋,35,甲斐の猿橋,35.6152777,138.9813888,,山梨県大月市
日本百名橋,36,中津橋,36.2708333,138.4180555,,長野県佐久市
日本百名橋,37,桃介橋,35.6005555,137.6061111,,長野県南木曽町
日本百名橋,38,中橋,36.14,137.2591666,,岐阜県高山市
日本百名橋,39,永保寺、無際橋,35.3466666,137.13,,岐阜県多治見市
日本百名橋,40,長良大橋,35.3619444,136.6886111,xxxx-xx-xx,岐阜県岐阜市
日本百名橋,41,富士川橋,35.155,138.6241666,,静岡県富士市
日本百名橋,42,大井川橋,34.8316666,138.1455555,,静岡県島田市
日本百名橋,43,浜名橋,34.6936111,137.5869444,,静岡県湖西市
日本百名橋,44,矢作橋,34.9594444,137.1497222,,愛知県岡崎市
日本百名橋,45,納屋橋,35.1677777,136.8922222,,愛知県名古屋市中区
日本百名橋,46,枇杷島橋,35.1922222,136.8675,,愛知県清須市
日本百名橋,47,伊勢 宇治橋,34.4586111,136.7233333,2017-03-28,三重県伊勢市
日本百名橋,48,瀬田唐橋,34.9730555,135.9066666,,滋賀県大津市
日本百名橋,49,大宮橋,35.0716666,135.8622222,,滋賀県大津市
日本百名橋,50,三条大橋,35.0091666,135.7716666,xxxx-xx-xx,京都府京都市中京区
日本百名橋,51,五条大橋,34.9955555,135.7677777,xxxx-xx-xx,京都府京都市下京区
日本百名橋,52,上賀茂神社 橋殿,35.0597222,135.7527777,,京都府京都市北区
日本百名橋,53,渡月橋,35.0127777,135.6777777,,京都府京都市西京区
日本百名橋,54,東福寺 偃月橋,34.9766666,135.7738888,,京都府京都市東山区
日本百名橋,55,宇治橋,34.8930555,135.8061111,,京都府宇治市
日本百名橋,56,上津屋橋（流れ橋）,34.8686111,135.7483333,,京都府八幡市
日本百名橋,57,泉大橋,34.7430555,135.8216666,,京都府木津川市
日本百名橋,58,長柄橋,34.7211111,135.51,,大阪府大阪市北区、東淀川区
日本百名橋,59,難波橋,34.6927777,135.5072222,,大阪府大阪市中央区
日本百名橋,60,高麗橋,34.6891666,135.5097222,,大阪府大阪市中央区
日本百名橋,61,淀屋橋,34.6930555,135.5011111,2019-09-11,大阪府大阪市中央区
日本百名橋,62,心斎橋,34.6744444,135.5002777,,大阪府大阪市中央区
日本百名橋,63,住吉の反橋,34.6125,135.4930555,,大阪府大阪市住吉区
日本百名橋,64,明石海峡大橋,34.6177777,135.0222222,2022-08-22,兵庫県明石市
日本百名橋,65,餘部橋梁（余部鉄橋）,35.6494444,134.5597222,,兵庫県香美町
日本百名橋,66,神子畑橋,35.2425,134.7172222,,兵庫県朝来市
日本百名橋,67,武庫大橋,34.7319444,135.38,,兵庫県西宮市
日本百名橋,68,谷瀬の吊橋,34.1016666,135.7627777,,奈良県十津川村
日本百名橋,69,不老橋（三断橋）,34.1866666,135.1727777,,和歌山県和歌山市
日本百名橋,70,智頭橋,35.4994444,134.2280555,,鳥取県鳥取市
日本百名橋,71,松江大橋,35.4677777,133.0552777,,島根県松江市
日本百名橋,72,瀬戸大橋,34.4305555,133.8058333,2017-03-12,岡山県倉敷市
日本百名橋,73,京橋,34.6580555,133.9330555,,岡山県岡山市
日本百名橋,74,厳島 反橋,34.2958333,132.3197222,2017-03-14,広島県廿日市市
日本百名橋,75,元安橋,34.3941666,132.4538888,xxxx-xx-xx,広島県広島市中区
日本百名橋,76,錦帯橋,34.1675,132.1783333,2020-10-30,山口県岩国市
日本百名橋,77,平安橋,34.4094444,131.3880555,,山口県萩市
日本百名橋,78,吉野川橋,34.0963888,134.555,,徳島県徳島市
日本百名橋,79,祖谷のかづら橋,33.8752777,133.8352777,,徳島県三好市
日本百名橋,80,琴平 鞘橋,34.1858333,133.8216666,,香川県琴平町
日本百名橋,81,三架橋,34.1316666,133.6502777,,香川県観音寺市
日本百名橋,82,長浜大橋,33.61,132.48,,愛媛県大洲市
日本百名橋,83,御幸の橋,33.5097222,132.7933333,,愛媛県大洲市
日本百名橋,84,播磨屋橋,33.5597222,133.5430555,2021-03-25,高知県高知市
日本百名橋,85,一斗俵沈下橋,33.2847222,133.11,,高知県四万十町
日本百名橋,86,常盤橋,33.8863888,130.8775,,福岡県北九州市小倉北区
日本百名橋,87,筑後川昇開橋,33.215,130.3616666,2024-02-08,佐賀県佐賀市
日本百名橋,88,長崎 眼鏡橋,32.7475,129.8808333,2023-10-04,長崎県長崎市
日本百名橋,89,諫早 眼鏡橋,32.8455555,130.0491666,,長崎県諫早市
日本百名橋,90,西海橋,33.0530555,129.7580555,2023-10-05,長崎県西海市、佐世保市
日本百名橋,91,祗園橋,32.4563888,130.1880555,,熊本県天草市
日本百名橋,92,通潤橋,32.6816666,130.9938888,2024-02-06,熊本県山都町
日本百名橋,93,呉橋,33.5255555,131.3733333,2025-03-26,大分県宇佐市
日本百名橋,94,耶馬溪橋,33.5030555,131.1702777,2025-03-26,大分県中津市
日本百名橋,95,虹澗橋,33.0097222,131.6352777,2025-03-24,大分県豊後大野市、臼杵市
日本百名橋,96,橘橋,31.9058333,131.4202777,2023-02-07,宮崎県宮崎市
日本百名橋,97,西田橋,31.5886111,130.545,,鹿児島県鹿児島市
日本百名橋,98,天女橋,26.2183333,127.7186111,,沖縄県那覇市
日本の都市公園100選,1,常磐公園,43.775,142.3572222,,北海道旭川市,
日本の都市公園100選,2,北海道子どもの国,43.5213888,141.9383333,,北海道砂川市,
日本の都市公園100選,3,大通公園,43.0594444,141.3447222,xxxx-xx-xx,北海道札幌市中央区,
日本の都市公園100選,4,中島公園,43.0447222,141.3544444,,北海道札幌市中央区,
日本の都市公園100選,5,鷹揚公園（弘前公園）,40.6083333,140.4652777,,青森県弘前市,日本の歴史公園百選選定
日本の都市公園100選,6,合浦公園,40.8308333,140.7791666,,青森県青森市,日本の歴史公園百選選定
日本の都市公園100選,7,岩手公園,39.7005555,141.1519444,,岩手県盛岡市,日本の歴史公園百選選定
日本の都市公園100選,8,高田松原公園,39.0055555,141.635,,岩手県陸前高田市,日本の歴史公園百選選定
日本の都市公園100選,9,松島公園,38.3697222,141.0641666,2019-08-13,宮城県松島町、塩籠町、七ヶ浜町、利府町,
日本の都市公園100選,10,榴岡公園,38.2605555,140.8961111,,宮城県仙台市宮城野区,
日本の都市公園100選,11,千秋公園,39.7225,140.1241666,,秋田県秋田市,日本の歴史公園百選選定
日本の都市公園100選,12,霞城公園,38.2555555,140.3280555,,山形県山形市,日本の歴史公園百選選定
日本の都市公園100選,13,日和山公園,38.9191666,139.8277777,,山形県酒田市,
日本の都市公園100選,14,翠ヶ丘公園,37.2908333,140.3816666,,福島県須賀川市,
日本の都市公園100選,15,偕楽園,36.375,140.4530555,,茨城県水戸市,日本の歴史公園百選選定
日本の都市公園100選,16,長峰公園,36.8113888,139.9375,,栃木県矢板市,
日本の都市公園100選,17,栃木県井頭公園,36.4961111,139.9955555,,栃木県真岡市,
日本の都市公園100選,18,華蔵寺公園,36.3422222,139.1977777,,群馬県伊勢崎市,
日本の都市公園100選,19,敷島公園,36.4163888,139.0516666,,群馬県前橋市,
日本の都市公園100選,20,大宮公園,35.9180555,139.6316666,,埼玉県さいたま市大宮区,
日本の都市公園100選,21,国営武蔵丘森林公園,36.0913888,139.3716666,,埼玉県滑川町,
日本の都市公園100選,22,さきたま古墳公園,36.1263888,139.4780555,,埼玉県行田市,
日本の都市公園100選,23,川口グリーンセンター,35.8455555,139.7275,,埼玉県川口市,
日本の都市公園100選,24,昭和の森,35.5177777,140.2797222,,千葉県千葉市緑区,
日本の都市公園100選,25,富津公園,35.3116666,139.7983333,,千葉県富津市,
日本の都市公園100選,26,音無親水公園,35.7527777,139.7363888,,東京都北区,
日本の都市公園100選,27,東京都立日比谷公園,35.6738888,139.7561111,,東京都千代田区,日本の歴史公園百選選定
日本の都市公園100選,28,東京都立上野恩賜公園,35.7166666,139.7741666,,東京都台東区,日本の歴史公園百選選定
日本の都市公園100選,29,東京都立水元公園,35.7805555,139.8733333,,東京都葛飾区,
日本の都市公園100選,30,代々木公園,35.6697222,139.6955555,,東京都渋谷区,
日本の都市公園100選,31,国営昭和記念公園,35.7111111,139.3947222,,東京都立川市、昭島市,
日本の都市公園100選,32,東高根森林公園,35.6047222,139.5866666,,神奈川県川崎市宮前区,
日本の都市公園100選,33,山下公園,35.4461111,139.6494444,,神奈川県横浜市中区,
日本の都市公園100選,34,港の見える丘公園,35.4408333,139.6538888,,神奈川県横浜市中区,
日本の都市公園100選,35,三笠公園,35.2861111,139.6736111,,神奈川県横須賀市,日本の歴史公園百選選定
日本の都市公園100選,36,秦野中央運動公園,35.3802777,139.2022222,,神奈川県秦野市,
日本の都市公園100選,37,七沢森林公園,35.4480555,139.3011111,,神奈川県厚木市,
日本の都市公園100選,38,五十公野公園,37.9380555,139.3552777,,新潟県新発田市,
日本の都市公園100選,39,白山公園,37.915,139.0386111,,新潟県新潟市,
日本の都市公園100選,40,悠久山公園,37.4291666,138.8838888,,新潟県長岡市,
日本の都市公園100選,41,県民公園太閤山ランド,36.6925,137.1036111,,富山県射水市,
日本の都市公園100選,42,高岡古城公園,36.7491666,137.0225,,富山県高岡市,日本の歴史公園百選選定
日本の都市公園100選,43,兼六園,36.5619444,136.6619444,,石川県金沢市,日本の歴史公園百選選定
日本の都市公園100選,44,越前陶芸公園,35.9347222,136.0591666,,福井県越前町,
日本の都市公園100選,45,山梨県小瀬スポーツ公園,35.6230555,138.5875,,山梨県甲府市,
日本の都市公園100選,46,鳥居平やまびこ公園,36.0686111,138.0311111,,長野県岡谷市,
日本の都市公園100選,47,中央公園,36.2377777,137.9691666,,長野県松本市,
日本の都市公園100選,48,国営木曽三川公園,35.1475,136.6669444,,岐阜県海津市,
日本の都市公園100選,49,城山公園,36.1358333,137.2630555,,岐阜県高山市,日本の歴史公園百選選定
日本の都市公園100選,50,姫の沢公園,35.1191666,139.0497222,,静岡県熱海市,
日本の都市公園100選,51,城北公園,34.9894444,138.3786111,,静岡県静岡市,
日本の都市公園100選,52,舘山寺総合公園,34.7647222,137.6308333,,静岡県浜松市,
日本の都市公園100選,53,岡崎公園,34.9569444,137.1608333,,愛知県岡崎市,日本の歴史公園百選選定
日本の都市公園100選,54,東山公園,35.1558333,136.9805555,,愛知県名古屋市,
日本の都市公園100選,55,大高緑地,35.0638888,136.9547222,,愛知県名古屋市,
日本の都市公園100選,56,名城公園,35.1888888,136.9011111,,愛知県名古屋市,日本の歴史公園百選選定
日本の都市公園100選,57,落合公園,35.2711111,136.9902777,,愛知県春日井市,
日本の都市公園100選,58,中部台運動公園,34.5455555,136.5058333,,三重県松阪市,
日本の都市公園100選,59,金亀公園,35.2788888,136.2533333,,滋賀県彦根市,日本の歴史公園百選選定
日本の都市公園100選,60,湖岸緑地,35.3772222,136.2625,,滋賀県大津市ほか,
日本の都市公園100選,61,円山公園,35.0036111,135.7830555,,京都府京都市,
日本の都市公園100選,62,宝ヶ池公園,35.0577777,135.7830555,,京都府京都市,
日本の都市公園100選,63,京都府立立山総合運動公園,34.8711111,135.8047222,,京都府宇治市,
日本の都市公園100選,64,大阪城公園,34.6858333,135.5316666,,大阪府大阪市,日本の歴史公園百選選定
日本の都市公園100選,65,中之島公園,34.6916666,135.5102777,,大阪府大阪市,
日本の都市公園100選,66,服部緑地,34.7766666,135.4877777,,大阪府豊中市,
日本の都市公園100選,67,五月山緑地,34.8316666,135.4308333,,大阪府池田市,
日本の都市公園100選,68,大仙公園,34.5586111,135.4822222,,大阪府堺市,日本の歴史公園百選選定
日本の都市公園100選,69,中央公園,34.4691666,135.3936111,,大阪府岸和田市,
日本の都市公園100選,70,兵庫県立甲山森林公園,34.7738888,135.3344444,,兵庫県西宮市,
日本の都市公園100選,71,神戸市立須磨離宮公園,34.6530555,135.1169444,,兵庫県神戸市,
日本の都市公園100選,72,兵庫県立明石公園,34.6527777,134.9919444,,兵庫県明石市,日本の歴史公園百選選定
日本の都市公園100選,73,奈良公園,34.6822222,135.8469444,,奈良県奈良市,
日本の都市公園100選,74,平草原公園,33.6697222,135.3502777,,和歌山県白浜町,
日本の都市公園100選,75,打吹公園,35.4297222,133.8236111,,鳥取県倉吉市,
日本の都市公園100選,76,県立浜山公園,35.3775,132.7072222,,島根県出雲市,
日本の都市公園100選,77,後楽園,34.6672222,133.935,,岡山県岡山市,日本の歴史公園百選選定
日本の都市公園100選,78,平和記念公園,34.3936111,132.4522222,,広島県広島市,日本の歴史公園百選選定
日本の都市公園100選,79,中央公園,34.2494444,132.5644444,,広島県呉市,
日本の都市公園100選,80,維新百年記念公園,34.1563888,131.4383333,,山口県山口市,
日本の都市公園100選,81,常盤公園,33.9530555,131.2855555,,山口県宇部市,
日本の都市公園100選,82,徳島中央公園,34.075,134.5544444,,徳島県徳島市,日本の歴史公園百選選定
日本の都市公園100選,83,栗林公園,34.3294444,134.0427777,,香川県高松市,日本の歴史公園百選選定
日本の都市公園100選,84,城山公園,33.8444444,132.7661111,,愛媛県松山市,日本の歴史公園百選選定
日本の都市公園100選,85,南楽園,33.1325,132.5038888,,愛媛県宇和島市,
日本の都市公園100選,86,春野総合運動公園,33.5105555,133.5016666,,高知県高知市,
日本の都市公園100選,87,響灘緑地,33.9183333,130.7263888,,福岡県北九州市,
日本の都市公園100選,88,天地山公園,33.5952777,131.1097222,,福岡県豊前市,
日本の都市公園100選,89,海の中道海浜公園,33.6575,130.3536111,,福岡県福岡市,
日本の都市公園100選,90,南公園,33.5738888,130.3886111,,福岡県福岡市,
日本の都市公園100選,91,佐賀城公園,33.2458333,130.3002777,,佐賀県佐賀市,日本の歴史公園百選選定
日本の都市公園100選,92,上山公園,32.8402777,130.0438888,,長崎県諫早市,日本の歴史公園百選選定
日本の都市公園100選,93,水前寺江津湖公園,32.7902777,130.7344444,,熊本県熊本市,
日本の都市公園100選,94,うしぶか公園,32.2002777,130.0230555,,熊本県天草市,
日本の都市公園100選,95,高尾山自然公園,33.2122222,131.6544444,,大分県大分市,
日本の都市公園100選,96,宮崎県立総合運動公園,31.8252777,131.4505555,,宮崎県宮崎市,
日本の都市公園100選,97,特別史跡公園西都原古墳群,32.1172222,131.3883333,,宮崎県西都市,日本の歴史公園百選選定
日本の都市公園100選,98,吉野公園,31.6333333,130.5938888,,鹿児島県鹿児島市,
日本の都市公園100選,99,国営沖縄記念公園,26.6894444,127.8741666,,沖縄県本部町,
日本の都市公園100選,100,東平安名崎公園,24.7241666,125.4613888,,沖縄県宮古島市,
